cust_id,name,gender,age
1,Tawsha Haig,Female,26
2,Sayres Aiskrigg,Male,39
3,Tate Metham,Male,54
4,Fanya Torres,Female,38
5,Callie Perrigo,Female,39
6,Nanon Dorkins,Female,59
7,Denna Burhouse,Female,68
8,Dante McKague,Male,22
9,Fee Oddboy,Male,62
10,Max Risbridger,Female,60
11,Alidia Crosfield,Female,51
12,Cheslie Beric,Female,60
13,Earle Ruse,Male,64
14,Dawna Hurring,Female,26
15,Felike Eyeington,Male,41
16,Conant Ardern,Male,50
17,Sharia Cicchitello,Female,50
18,Joanie Pardoe,Female,67
19,Dan Woodwind,Male,40
20,Duncan Simon,Male,53
21,Arlan De Ferraris,Male,27
22,Montgomery Skitterel,Male,32
23,Leandra Pedrazzi,Female,39
24,Cecily Hunsworth,Female,47
25,Shelton Beddard,Male,29
26,Gussi Kondrachenko,Female,42
27,Lilli Allcoat,Female,60
28,Alwyn Vakhrushin,Male,61
29,Jasen Kermitt,Male,29
30,Kevon Jewess,Male,40
31,Hilliary Broddle,Female,40
32,Nobe Mintoff,Male,65
33,Gladys Gatenby,Female,51
34,Benedetto McCoole,Male,67
35,Livvie Waiton,Female,59
36,Mathilda Burnsell,Female,60
37,Cara Sangster,Female,33
38,Cordie Percy,Male,40
39,Sissie Schollick,Female,37
40,Bruis Borman,Male,65
41,Conan Yon,Male,39
42,Genna Bonellie,Female,37
43,Wilona Chandler,Female,59
44,Griz Abrahamsohn,Male,48
45,Obidiah Cammiemile,Male,36
46,Kienan Kaiser,Male,70
47,Chad Thickins,Female,51
48,Paxton Large,Male,60
49,Shep Elvidge,Male,51
50,Hedvig Mein,Female,70
51,Ronald Guillou,Male,30
52,Chester Goatcher,Male,37
53,Mollee Rosander,Female,52
54,Madlen Henmarsh,Female,70
55,Osbourne Scorer,Male,31
56,Bradford Vaugham,Male,35
57,Aldo Binham,Male,63
58,Nikolai Boulder,Male,50
59,Lynnett Behnecken,Female,33
60,Christi Kenelin,Female,44
61,Thadeus Ramsby,Male,25
62,Mendie Camamill,Male,36
63,Brigid Grumble,Female,27
64,Magdalen Audsley,Female,32
65,Hernando Banger,Male,47
66,Mignon Zanassi,Female,65
67,Charla Christiensen,Female,35
68,Brennan Maides,Male,69
69,Harley De Gregario,Male,20
70,Kary Lait,Female,67
71,Brian Canlin,Male,38
72,Constantine Gascoyen,Male,39
73,Heriberto Burchett,Male,51
74,Maisey Gallo,Female,40
75,Hestia Domke,Female,24
76,Salvidor O'Shirine,Male,30
77,Wye Grantham,Male,33
78,Gerta Sidebotham,Female,35
79,Bili Wakelam,Female,64
80,Ernst Coomes,Male,46
81,Estella Geldart,Female,39
82,Erasmus Craine,Male,33
83,Creigh Exell,Male,30
84,Dorothy Jenoure,Female,57
85,Filippa Turpie,Female,35
86,Truman Harpur,Male,60
87,Kamillah Salt,Female,50
88,Garland Ingry,Female,65
89,Aile Rawling,Female,45
90,Twila Iggo,Female,32
91,Andres Jewson,Male,30
92,Allistir Verrills,Male,60
93,Boycie Southard,Male,36
94,Lorrie O' Hern,Male,28
95,Ambur Braybrooks,Female,47
96,Myrtia Kaasmann,Female,69
97,Aidan O'Crevy,Female,37
98,Genna Eady,Female,61
99,Cairistiona Berre,Female,42
100,Naoma Bockmaster,Female,54
101,Mahmud Digwood,Male,44
102,Ulrikaumeko Tritten,Female,21
103,Gretel Welberry,Female,24
104,Tawsha McKenna,Female,52
105,Byrann Scriven,Male,68
106,Guillermo Vanni,Male,50
107,Babs Euler,Female,26
108,Donica Herley,Female,50
109,Carmina Turfitt,Female,30
110,Jori Scamadin,Female,59
111,Dorree Dron,Female,46
112,Mason Delnevo,Male,51
113,Elysha Anton,Female,31
114,Anjanette Discombe,Female,62
115,Silas Hearst,Male,20
116,Rebeka Tarburn,Female,41
117,Konstanze Beresfore,Female,43
118,Blancha Galway,Female,57
119,Ernestine Gallandre,Female,25
120,Burr Flanagan,Male,64
121,Meggie Dilliway,Female,33
122,Carlynn Humpherston,Female,21
123,Duky Popple,Male,42
124,Willa Pfaff,Female,58
125,Coraline Hartles,Female,64
126,Washington Klein,Male,26
127,Nicky Schooley,Female,60
128,Wendall Perrygo,Male,29
129,Yoko Hurtic,Female,22
130,Johnna Gullberg,Female,21
131,Luis Ferenczy,Male,37
132,Perry Petrus,Female,48
133,Collie Cartner,Female,35
134,Nert Khalid,Female,62
135,Ki Yve,Female,38
136,Shirley Doylend,Female,40
137,Leah Nottram,Female,62
138,Letti Illston,Female,67
139,Naomi Tuft,Female,61
140,Lew Adami,Male,36
141,Gibbie Malkie,Male,64
142,Kelby Tison,Male,60
143,Marianne Swayland,Female,40
144,Lian Terrazzo,Female,23
145,Wylie Denisovich,Male,40
146,Colline Mecozzi,Female,43
147,Sergent Gonzalvo,Male,28
148,Jeana Fremantle,Female,28
149,Lombard Reece,Male,58
150,Antonina Chetwind,Female,46
151,Sargent Mangham,Male,39
152,Jacinda Brackstone,Female,39
153,Chas Morphey,Male,36
154,Ingeberg Laffin,Female,59
155,Quincy Petre,Male,70
156,Bond Franzotto,Male,59
157,Tamarra Van Oort,Female,59
158,Yelena Wilfling,Female,46
159,Archie Trim,Male,43
160,Brad Poles,Male,62
161,Esme Sail,Male,66
162,Aubrey Diable,Female,45
163,Puff Dunsmuir,Male,41
164,Lizzie Sloy,Female,67
165,Willey O'Dee,Male,40
166,Issi Woolham,Female,61
167,Whitby Sifflett,Male,38
168,Arni Hartropp,Male,42
169,Marci Fisby,Female,28
170,Christean Norcliffe,Female,63
171,Nolana Mousby,Female,47
172,Phil Reames,Male,60
173,Gilda Bees,Female,63
174,Paddie Geoghegan,Male,35
175,Catie Sillwood,Female,32
176,Crista Diament,Female,68
177,Harriett Somerville,Female,22
178,Shanna Lehrmann,Female,51
179,Richart Zieme,Male,50
180,Jolyn Woolatt,Female,39
181,Paco Cozens,Male,36
182,Jessalin Kielt,Female,32
183,Donnie Fletham,Male,46
184,Bourke Lohoar,Male,59
185,Archaimbaud Logsdail,Male,66
186,Flo Davsley,Female,20
187,Julianna Prate,Female,40
188,Effie Kinton,Female,69
189,Enrichetta Laffranconi,Female,46
190,Dawn MacGibbon,Female,25
191,Verine Cockarill,Female,38
192,Latrena Crimp,Female,31
193,Helenelizabeth Reasce,Female,24
194,Xenos Wiper,Male,41
195,Isabelle Frankham,Female,67
196,Berton Hriinchenko,Male,42
197,Rustie Lowde,Male,40
198,Anatola Schubbert,Female,21
199,Web Beardmore,Male,41
200,Balduin Desport,Male,42
201,Aymer Rawle,Male,32
202,Sindee Van der Linde,Female,30
203,Brandon Beecker,Male,37
204,Lillian Valsler,Female,70
205,Ruperta Redsell,Female,51
206,Mala Pomfret,Female,57
207,Coop Bosch,Male,49
208,Dewitt Petit,Male,39
209,Jorry Kempster,Female,52
210,Amity Braybrooks,Female,23
211,Hymie Troth,Male,65
212,Raimund Avrahamoff,Male,66
213,Zebadiah Espinoza,Male,45
214,Lowell Sevier,Male,46
215,Holmes Thewles,Male,62
216,Lesley Swannell,Male,37
217,Sandi Kniveton,Female,58
218,Dacie Di Carlo,Female,28
219,Maggy Fleming,Female,27
220,Andrej Figge,Male,36
221,Ernaline Josifovic,Female,39
222,Hayyim Say,Male,36
223,Katheryn Dysert,Female,20
224,Mikkel Wissby,Male,28
225,Stanford Meharry,Male,62
226,Fredric Druce,Male,52
227,Ellsworth Codd,Male,49
228,Charline Prangley,Female,22
229,Bucky Doogan,Male,25
230,Corine Seery,Female,49
231,Jaquenette Van Der Weedenburg,Female,70
232,Nicolis Heino,Male,33
233,Reamonn Longwood,Male,29
234,Anderson Bromhead,Male,25
235,Jerri Arnett,Male,69
236,Bathsheba Mauditt,Female,35
237,Anabel Easen,Female,51
238,Jacky Ferronet,Male,21
239,Deck Kingsley,Male,62
240,Teodorico Laneham,Male,38
241,Rosette Allpress,Female,29
242,Gabriello Pimerick,Male,70
243,Codi Jaulme,Female,47
244,Andris McVanamy,Male,20
245,Ephrayim Blum,Male,30
246,Darsey Wilkennson,Female,22
247,Ottilie Hanscombe,Female,53
248,Chloe Bullerwell,Female,59
249,Yalonda Mewhirter,Female,62
250,Kate Oaten,Female,28
251,Michael Watting,Male,23
252,Cly Ismirnioglou,Male,39
253,Egon Pleace,Male,68
254,Dillon Mabey,Male,31
255,Salvatore Paddell,Male,35
256,Bertie Reihill,Female,44
257,Gavin Albion,Male,30
258,Dyanne Colnet,Female,28
259,Hazel Allsobrook,Male,23
260,Kippy Thirsk,Female,61
261,Thorpe Pachta,Male,61
262,Cristi Smallsman,Female,47
263,Randal Brosh,Male,24
264,Astrix Ryal,Female,45
265,Jaquenette Bauldry,Female,48
266,Celle Ricioppo,Female,38
267,Ryun Borgne,Male,63
268,Mill Stammler,Male,64
269,Ranice Barfoot,Female,29
270,Polly Easterling,Female,38
271,Valdemar Gaskall,Male,36
272,Farrah Coopman,Female,36
273,Christin Allbut,Female,54
274,Abbey Veschi,Female,37
275,Uriah Shawell,Male,56
276,Kaiser Sabbatier,Male,57
277,Georgie Gullen,Female,55
278,Trisha Aysik,Female,64
279,Tommy Tudgay,Male,52
280,Kelby Royds,Male,22
281,Letti Coppock.,Female,20
282,Carry Tregaskis,Female,33
283,Jeno Jeanenet,Male,28
284,Darline Broadhead,Female,65
285,Krysta Kairns,Female,65
286,Betteanne Aristide,Female,37
287,Marline Twiddy,Female,32
288,Starr Scrinage,Female,43
289,Delainey Border,Male,53
290,Sharline Wickey,Female,29
291,Farrel Lewson,Male,29
292,Isa MacEntee,Female,43
293,Derek Barrus,Male,35
294,Petronille Frift,Female,58
295,Nickola Trueman,Male,61
296,Eran Radclyffe,Female,23
297,Rhoda Teulier,Female,60
298,Beulah Slides,Female,55
299,Enriqueta Kirkbride,Female,67
300,Crissy Brislan,Female,67
301,Herbert Lidgertwood,Male,47
302,Rancell Evenett,Male,60
303,Odo Giorgielli,Male,50
304,Colly Olman,Female,56
305,Corrina Cutler,Female,55
306,Odie Spinage,Male,31
307,Alasdair Cawkwell,Male,38
308,Marcus Rouge,Male,66
309,Ilene Zoppie,Female,68
310,Viole Tremolieres,Female,27
311,Nalani De la Yglesias,Female,21
312,Shannon Keming,Female,26
313,Jasmin Ladloe,Female,51
314,Tracey Seear,Female,21
315,Gwenore Tupie,Female,46
316,Penelope Zanuciolii,Female,49
317,Rica Skune,Female,29
318,Tonya Mechell,Female,63
319,Odelinda Leavesley,Female,42
320,Denise Clew,Female,30
321,Aldo Huton,Male,43
322,Mikael Laste,Male,29
323,Reamonn Barock,Male,47
324,Yank Keyhoe,Male,69
325,Filberto Wolfinger,Male,46
326,Erinna Braybrooks,Female,66
327,Ignacius Josiah,Male,47
328,Giusto Mainz,Male,66
329,Keith Addeycott,Male,67
330,Stefan Mousby,Male,54
331,Gabi Rieflin,Male,57
332,Niles Harrow,Male,43
333,Shanie Shakespeare,Female,44
334,Sharleen Prangnell,Female,41
335,Immanuel Rubin,Male,23
336,Wilie Blanchard,Female,38
337,Pincas Algy,Male,42
338,Mill Wheaton,Male,40
339,Reeba Crips,Female,40
340,Brian Cometti,Male,24
341,Toiboid Llorens,Male,67
342,Babb Schlagman,Female,21
343,Lyle Kyne,Male,24
344,Ag Spon,Female,29
345,Camala Kerss,Female,64
346,Cy Boanas,Male,57
347,Lowe Scading,Male,50
348,Pet Elliker,Female,31
349,Anatole Deftie,Male,69
350,Brynne Postlethwaite,Female,25
351,Pen Dutt,Male,67
352,Marie Haryngton,Female,45
353,Fredric Puffett,Male,23
354,Ulrick Cherryman,Male,33
355,Ricki Franc,Female,48
356,Jamal Raison,Male,51
357,Adair Arter,Male,41
358,Jameson Friedenbach,Male,31
359,Janis Chalker,Female,52
360,Sky Brosio,Male,43
361,Myrle Hegg,Female,22
362,Berne Shepherd,Male,30
363,Donella Sweeny,Female,43
364,Elliot Geldard,Male,31
365,Sullivan Duckinfield,Male,22
366,Alie Haselgrove,Female,20
367,Constanta Abbots,Female,28
368,Janek Errey,Male,31
369,Dody Haggata,Female,41
370,Darelle Coath,Female,49
371,Dolores Hardage,Female,45
372,Peyter Creek,Male,21
373,Shalne Kield,Female,50
374,Ricky Rathbone,Male,35
375,Rich Askam,Male,25
376,Tana Hamberstone,Female,40
377,Augie Eilert,Male,36
378,Drugi Matias,Male,36
379,Madlen Skeete,Female,50
380,Keven Epple,Male,50
381,Lil Gellier,Female,65
382,Roseann Longega,Female,38
383,Tanney Wegenen,Male,28
384,Adan Gilhespy,Female,34
385,Cacilia Peddersen,Female,40
386,Gilberte Dalrymple,Female,67
387,Deva Cadwell,Female,54
388,Cyrus Czapla,Male,35
389,Eal Danihelka,Male,46
390,Vivianne Willowby,Female,41
391,Beau Atterley,Male,69
392,Purcell Joicey,Male,59
393,Iago Milby,Male,27
394,Estevan Tasseler,Male,63
395,Sarena Kibbel,Female,32
396,Enrichetta Itshak,Female,47
397,Nathanial Hawkeridge,Male,31
398,Tessa Durning,Female,66
399,Koral Alston,Female,23
400,Micheal Lloyd,Male,62
401,Winne Keene,Female,25
402,Grete Crowder,Female,43
403,Reinwald Scemp,Male,56
404,Gaspar Dreghorn,Male,28
405,Aaron Nurny,Male,43
406,Melodee MacAnelley,Female,32
407,Odelia Giannazzi,Female,42
408,Jerald Darwent,Male,41
409,Benjy Strognell,Male,28
410,Adeline Brandel,Female,20
411,Kial Ormiston,Female,20
412,Garvin Gouck,Male,21
413,Carling Stothert,Male,68
414,Leonora Browning,Female,49
415,Lorri Hazelgrove,Female,68
416,Devora Turnor,Female,23
417,Caresa Kevane,Female,23
418,Jaimie Mansell,Female,33
419,Alaric Hemshall,Male,45
420,Kendrick Hattersley,Male,62
421,Albert Greeves,Male,23
422,Bellanca Dowyer,Female,56
423,Reyna Souten,Female,70
424,Laurena Lambkin,Female,49
425,Ernestus Cackett,Male,32
426,Lorant Lowson,Male,53
427,Kristi Kaesmakers,Female,29
428,Archibold Vinten,Male,40
429,Symon Kenelin,Male,38
430,Kathlin Luetkemeyers,Female,46
431,Anthea Balham,Female,44
432,Byrle Nash,Male,46
433,Jeffry Orrah,Male,25
434,Tammie Jewise,Female,33
435,Saundra Lipson,Female,20
436,Abeu Leathe,Male,63
437,Barnard Jahncke,Male,36
438,Blisse Loomis,Female,37
439,Agneta Clendinning,Female,24
440,Dionis Steptoe,Female,64
441,Rancell Rodbourne,Male,51
442,Jarib Adess,Male,43
443,Rad Ralestone,Male,69
444,Jud Thornthwaite,Male,21
445,Lannie Cuppleditch,Male,59
446,Roarke Hurrion,Male,49
447,Deanna Cote,Female,25
448,Joelie Insoll,Female,69
449,Koenraad Mowday,Male,53
450,Reeva Szwandt,Female,70
451,Mano Conor,Male,40
452,Kizzie Kovnot,Female,62
453,Emera Haysom,Female,43
454,Sutherland Ferrieri,Male,64
455,Bernadine Dwelling,Female,27
456,Brigid Duffitt,Female,49
457,Guglielmo Cohen,Male,65
458,Clayborn Hollows,Male,25
459,Lawrence Mein,Male,40
460,Jase Bonnett,Male,41
461,Rory Petrusch,Male,54
462,Odelinda McCalister,Female,41
463,Basilio Aitkin,Male,33
464,Martie Keizman,Male,69
465,Leanor Pennycuick,Female,54
466,Allan Childes,Male,41
467,Michelle Jozsika,Female,65
468,Alvy Hainey`,Male,36
469,Brantley Coorington,Male,59
470,Hilary Acres,Female,49
471,Thaxter Laye,Male,25
472,Wilmer Carless,Male,24
473,Mariana Coard,Female,39
474,Garnet Tolcher,Female,38
475,Ailina Shakspeare,Female,69
476,Elli Towle,Female,68
477,Neysa Deam,Female,56
478,Vickie Abley,Female,59
479,Gilbertine MacPhee,Female,54
480,Rutledge Telling,Male,29
481,Gaspard Jakucewicz,Male,29
482,Clio Strathman,Female,54
483,Gilemette Muttock,Female,26
484,Ari Westbrook,Male,21
485,Brooke Blackborn,Male,58
486,Gisela Caldeyroux,Female,33
487,Dale Calyton,Female,34
488,Standford Normington,Male,58
489,Drake Wannes,Male,44
490,Wilone Maidens,Female,34
491,Myrvyn Hearsey,Male,62
492,Clarance Garrow,Male,65
493,Adriane Colmore,Female,22
494,Drucie Wittering,Female,32
495,Kamila Tomaini,Female,43
496,Teador Ausher,Male,25
497,Madeline Gyse,Female,22
498,Tiphanie Aldrick,Female,45
499,Bronson Stolze,Male,29
500,Curry Blackborow,Male,23
501,Matthias Seyffert,Male,54
502,Ban MacKee,Male,60
503,Miner Jeanenet,Male,44
504,Sutherlan Gunter,Male,44
505,Aubrette Iori,Female,54
506,Peg Dorian,Female,69
507,Vernon Adrain,Male,23
508,Granny Rome,Male,44
509,Almire Longina,Female,36
510,Elene Spellessy,Female,54
511,Corinne Kuller,Female,60
512,Rasia Egar,Female,35
513,Nester Amoore,Male,47
514,Cassandry Silverstone,Female,68
515,Marven Lowde,Male,37
516,Veda Rue,Female,47
517,Rikki Norgan,Female,60
518,Sonnie Ghirigori,Female,59
519,Somerset Shave,Male,39
520,Anatole Gowland,Male,49
521,Niki Buzine,Male,49
522,Conrado Cartlidge,Male,53
523,Roderigo Michurin,Male,27
524,Umberto Saby,Male,23
525,Louis Scullin,Male,32
526,Tobias Terron,Male,32
527,Brian Piotr,Male,30
528,Elyssa Slatford,Female,57
529,Farrel Oswick,Male,43
530,Carlen Cocking,Female,34
531,Codie Charpin,Male,55
532,Twila Hakeworth,Female,26
533,Sherwood Bampforth,Male,68
534,Kingston Rosindill,Male,53
535,Nicolas O'Shevlan,Male,45
536,Atlanta Lazonby,Female,55
537,Alec Wickes,Male,50
538,Fee Unsworth,Male,65
539,Chloette Klagge,Female,45
540,Xena Permain,Female,49
541,Llewellyn Cockerton,Male,40
542,Dame Belamy,Male,61
543,Rusty Aizikovitch,Male,55
544,Zuzana Greenhouse,Female,44
545,Levi Rothman,Male,56
546,Alyssa Duffus,Female,30
547,Marietta Potteridge,Male,63
548,Vinnie Gatus,Female,49
549,Lenora Castleton,Female,25
550,Hirsch Bilverstone,Male,44
551,Amble Fadian,Male,38
552,Hinze Vannini,Male,46
553,Ricki Wrennall,Male,59
554,Merle Dumbrill,Male,31
555,Raven Giron,Female,58
556,Walther Matushevich,Male,56
557,Ann-marie Gourlay,Female,61
558,Leone Ripley,Female,61
559,Kile Beet,Male,58
560,Jacky Stokes,Female,46
561,Audry Ablott,Female,45
562,Jonah Axworthy,Male,54
563,Pernell Nowland,Male,60
564,Gabby Halton,Male,69
565,Keven Ramos,Male,52
566,Fidole Kleimt,Male,39
567,Dicky Suero,Male,33
568,Mari Setchfield,Female,50
569,Ambrose McRobb,Male,68
570,Leodora Harmstone,Female,30
571,Dulce Pogg,Female,43
572,Mellisa Hartigan,Female,25
573,Chandra Hagerty,Female,23
574,Davie Ogilby,Male,63
575,Bobby Ivakhnov,Male,32
576,Sayre Hastings,Male,39
577,Micah Antognozzii,Male,34
578,Cass Rosenfelt,Male,35
579,Redd Finlan,Male,31
580,Erasmus Bulter,Male,47
581,Odille Rilton,Female,65
582,Joanna Cardo,Female,45
583,Erny MacWilliam,Male,66
584,Lin Esbrook,Male,38
585,Alfreda Rentelll,Female,22
586,Estel Wissbey,Female,26
587,Timi Qualtrough,Female,62
588,Louella Pell,Female,39
589,Guthry Gallihaulk,Male,27
590,Raimundo De Nisco,Male,57
591,Haley Davidman,Male,49
592,Itch Yeulet,Male,51
593,Fedora Markussen,Female,64
594,Cyrus Reely,Male,70
595,Chris Ellerby,Female,39
596,Celestine Flade,Female,53
597,Livvyy Brandon,Female,62
598,Kinnie Pennyman,Male,30
599,Ximenes Dunbavin,Male,31
600,Anderson Simkiss,Male,49
601,Fayth Dicky,Female,25
602,Janos Enevoldsen,Male,45
603,Chandal Venners,Female,33
604,Harland Faley,Male,44
605,Agace Lambricht,Female,53
606,Lindy Crigin,Male,67
607,Artur Selborne,Male,40
608,Rabbi Beccero,Male,31
609,Tarah Yve,Female,66
610,Lotte Bartalucci,Female,64
611,Morry Greenleaf,Male,53
612,Jolee Phizackerly,Female,48
613,Tracey Devenport,Female,34
614,Vickie Dufoure,Female,48
615,Dario Macauley,Male,41
616,Clara Parsons,Female,64
617,Nicol Garfitt,Female,26
618,Mellisa Erbe,Female,61
619,Frederique Hefferon,Female,68
620,Oralia Marsie,Female,31
621,Ronalda Andrusov,Female,55
622,Merv Kildea,Male,46
623,Bunni Keems,Female,45
624,Aileen Gallahar,Female,22
625,Kora Hulle,Female,69
626,Benedicto Connop,Male,33
627,Germaine Glassopp,Male,28
628,Hillie Bedding,Male,29
629,Bradly Rozalski,Male,67
630,Gale Sarfatti,Male,29
631,Annaliese Brauns,Female,24
632,Christoforo Feaveryear,Male,49
633,Georgi Dominique,Male,50
634,Mab Waterstone,Female,58
635,Patty Clac,Male,31
636,Wesley Pettersen,Male,62
637,Shirlene Dougher,Female,44
638,Brittney Lougheed,Female,47
639,Ruth Bothbie,Female,33
640,Mose Shorthill,Male,30
641,Valentine Samet,Female,53
642,Jakie Rayne,Male,36
643,Ezechiel Van der Son,Male,26
644,Kristoffer Clougher,Male,31
645,Mannie Constantine,Male,58
646,Eldredge Schwieso,Male,66
647,Celestina Beddall,Female,48
648,Reeva Chate,Female,41
649,Cody Storres,Male,49
650,Wilek Rookesby,Male,70
651,Fraser Tibalt,Male,28
652,Olivier Prugel,Male,37
653,Wat Sarginson,Male,70
654,Jermain Hagger,Male,58
655,Roze Balmadier,Female,41
656,Kermy Storry,Male,30
657,Marcelia Noulton,Female,69
658,Mar Baus,Male,70
659,Charmian Umfrey,Female,50
660,Shell Hosier,Male,39
661,Marybelle Laslett,Female,40
662,Nickolas Westbrook,Male,22
663,Rosanna Stidson,Female,33
664,Tremayne Juliano,Male,43
665,Zane Rochford,Male,51
666,Thorn Croydon,Male,62
667,Starlin Slany,Female,30
668,Deedee Hardbattle,Female,65
669,Cordelia Hasard,Female,26
670,Deana Wickett,Female,47
671,Ellery McMullen,Male,23
672,Nicole Hawker,Female,62
673,Jojo Darlison,Female,34
674,Gwenni Crowch,Female,69
675,Allyce Lovekin,Female,39
676,Lusa Kubica,Female,69
677,Mervin O'Garmen,Male,52
678,Tiffani Figliovanni,Female,60
679,Berke Robb,Male,57
680,Claude Scuffham,Female,69
681,Eddi Taree,Female,45
682,Calida Van Halle,Female,66
683,Wilmar Kinnaird,Male,45
684,Stephen Robecon,Male,37
685,Caril Easbie,Female,40
686,Biron Hanigan,Male,49
687,Kippy Cohr,Female,39
688,Lise Belverstone,Female,45
689,Gusella Smorfit,Female,34
690,Kathi Snary,Female,29
691,Ambros Lozano,Male,33
692,Nelli Elcy,Female,32
693,Elana Dempsey,Female,27
694,Madelene Biggs,Female,28
695,Ward Prate,Male,31
696,Kelbee Chesser,Male,29
697,Zia Beeres,Female,59
698,Davidson Doumenc,Male,28
699,Atalanta Corn,Female,32
700,Paco Wetheril,Male,40
701,Sandor Hopkyns,Male,39
702,Otha MacWilliam,Female,58
703,Amerigo Masse,Male,54
704,Emmie Duckfield,Female,61
705,Roderigo Andreichik,Male,39
706,Shawn Pople,Male,48
707,Clovis Sibbit,Female,54
708,Adamo Stamps,Male,25
709,Essie Carwithen,Female,67
710,Matt Kuhnel,Male,30
711,Krystal Cockhill,Female,44
712,Barbey Lartice,Female,56
713,Webster Manjot,Male,62
714,Emmott Kettley,Male,38
715,Grenville Oager,Male,54
716,Jeanna Rannigan,Female,22
717,Maritsa Filasov,Female,60
718,Danya Secombe,Male,59
719,Hughie Lates,Male,54
720,Jim Steggals,Male,26
721,Finley Bulmer,Male,49
722,Stephan Jarritt,Male,24
723,Ingram Ivetts,Male,39
724,Storm Stiggles,Female,63
725,Aleen Felder,Female,35
726,Mei Haffner,Female,31
727,Evita Caldecutt,Female,69
728,Anatol Cadge,Male,27
729,Stanley Hellen,Male,34
730,Denice Siggin,Female,36
731,Tom Puvia,Male,47
732,Kaiser Goare,Male,21
733,Ferne Sonley,Female,57
734,Brodie Christofle,Male,29
735,Thoma Hanse,Male,43
736,Michaela Trinbey,Female,53
737,Sandye Farady,Female,65
738,Klemens Glendining,Male,27
739,Elie Gammack,Female,58
740,Berty Alten,Male,45
741,Hurleigh Clevely,Male,60
742,Fulton Sabattier,Male,39
743,Gifford Minall,Male,29
744,Hildegarde Caukill,Female,49
745,Madel Kroch,Female,36
746,Jordan Listone,Male,27
747,Mordecai Sarge,Male,64
748,Ariel Thatcher,Female,66
749,Bondie Armsby,Male,52
750,Chrysa Izakof,Female,57
751,Nilson Karlolak,Male,54
752,Dianne Corbould,Female,57
753,Hadlee Stollenbeck,Male,63
754,Tuckie Matthiae,Male,30
755,Allegra Wanne,Female,59
756,Christy Knibb,Female,40
757,Angeline Coldbreath,Female,42
758,Gabriele Poulglais,Male,66
759,Ferguson Hackin,Male,59
760,Brose Dikels,Male,40
761,Minta Murney,Female,49
762,Diane-marie Griffoen,Female,54
763,Martino Giorgiutti,Male,62
764,Waylon Ifill,Male,41
765,Karylin Ludlem,Female,63
766,Sid Dickings,Male,27
767,Marguerite Polland,Female,41
768,Meyer Wilstead,Male,43
769,Mavis Chominski,Female,40
770,Dunc Dyde,Male,44
771,Dexter Lord,Male,27
772,Van Claasen,Male,48
773,Ianthe Lansley,Female,62
774,Any Paish,Male,59
775,Jessie Semor,Male,44
776,Sutton Goadsby,Male,36
777,Georgie Thickins,Female,21
778,Edsel Walls,Male,56
779,Milicent Curlis,Female,38
780,Edie Adey,Female,58
781,Karleen Baraclough,Female,70
782,Leonanie Pigne,Female,50
783,Desdemona Lacer,Female,44
784,Sawyere MacAlees,Male,27
785,Eduardo Farady,Male,25
786,Kingston Bushby,Male,54
787,Norrie Tibbotts,Male,20
788,Nannie Elmer,Female,68
789,Flynn Dumbelton,Male,52
790,Kurt Ayton,Male,21
791,Marja Torald,Female,20
792,Alain Goldstone,Male,35
793,Charissa Mazin,Female,56
794,Andrey Boshers,Male,57
795,Samaria Prahm,Female,65
796,Neron Gerriets,Male,31
797,Maurene Wyre,Female,36
798,Tarra Nibloe,Female,53
799,Xavier Pesak,Male,46
800,Vevay Luparti,Female,44
801,Zsa zsa Troyes,Female,37
802,Audy Bosley,Female,65
803,Caitrin Whoston,Female,34
804,Lettie Petford,Female,52
805,Sheffie Baldrey,Male,50
806,Ginnifer Denisyuk,Female,61
807,Mallory Habron,Male,61
808,Vail Stewart,Male,38
809,Roma Dudlestone,Male,60
810,Miquela Foy,Female,51
811,Sioux Bynert,Female,46
812,Pru Orbine,Female,30
813,Dael Strevens,Female,48
814,Larissa Nunnery,Female,65
815,Dalila Hanley,Female,30
816,Rowan Caro,Male,37
817,Rodolfo Burniston,Male,59
818,Tierney Truss,Female,69
819,Etta Escalante,Female,30
820,Hilarius Pearce,Male,45
821,Rance Rotte,Male,44
822,Ralf Lamble,Male,39
823,Lincoln Tift,Male,27
824,Inglis Diwell,Male,59
825,Bathsheba Ravilious,Female,69
826,Katie Brotherhead,Female,52
827,Rowe Zanetti,Female,68
828,Kimberlyn Romayne,Female,54
829,Andrey Pidcock,Male,31
830,Jammie Spehr,Female,51
831,Arin Crees,Male,56
832,Cassandry Coulthard,Female,58
833,Adorne McMenemy,Female,66
834,Ansell Challoner,Male,29
835,Adi Aisman,Female,36
836,Lena Broadis,Female,23
837,Freddi Vaughan,Female,49
838,Lisle Bussons,Male,38
839,Kikelia Levine,Female,48
840,Christyna Dyball,Female,45
841,Maia Peckett,Female,63
842,Kristien Trumper,Female,26
843,Tades Stuckow,Male,38
844,Allissa Brobeck,Female,36
845,Brad Elston,Male,40
846,Austine Roach,Female,60
847,Fina Leborgne,Female,36
848,Keen Depport,Male,37
849,Lonnard Richten,Male,62
850,Mady Williams,Female,23
851,Kessia Whitebrook,Female,21
852,Dennie Levecque,Female,63
853,Gabie Wearne,Female,50
854,Alix Labin,Male,68
855,Dave Aiskovitch,Male,20
856,Laurence Grumley,Male,42
857,Marin Grzelczyk,Female,47
858,Vyky Snoding,Female,23
859,Gigi Prozillo,Female,59
860,Phillip Kreber,Male,45
861,Mathilde Hadcock,Female,67
862,Atalanta Marris,Female,24
863,Pedro Caillou,Male,25
864,Brice Claricoates,Male,45
865,Fidelity Hallihane,Female,20
866,Shelbi Husk,Female,40
867,Cello Studdert,Male,20
868,Patrice Webburn,Male,66
869,Patric Minihan,Male,21
870,Harri Burdin,Female,36
871,Emmery Meron,Male,20
872,Sabrina Burgane,Female,31
873,Ethelbert Cockland,Male,68
874,Marlena Urlich,Female,61
875,Wilhelmine Hateley,Female,60
876,Stefanie Panyer,Female,27
877,Ann Leamy,Female,49
878,Jared Parfitt,Male,66
879,Bink Speenden,Male,37
880,Aloin Cawt,Male,56
881,Lurline Crocken,Female,51
882,Maison Cheeney,Male,38
883,Derk Schirok,Male,67
884,Pascale McTrustrie,Male,65
885,Suzie Cobbled,Female,52
886,Tammie Hallut,Male,25
887,Cherrita Linke,Female,62
888,Douglass Rodgman,Male,30
889,Crawford Ellingham,Male,63
890,Darcey Tosh,Female,61
891,Demeter Dadson,Female,23
892,Lilith McConnulty,Female,45
893,Kathryne Elesander,Female,43
894,Jeramie Minty,Male,27
895,Boris Iacovucci,Male,66
896,Mandie Assender,Female,25
897,Tatiania Farquarson,Female,26
898,Lewie Morrissey,Male,30
899,Abbye Macrow,Female,64
900,Dru Huckfield,Female,48
901,Suki Gabala,Female,20
902,Sacha Woodley,Female,56
903,Ellswerth Kumaar,Male,61
904,Joella Ridde,Female,52
905,Mayer Dmitriev,Male,46
906,Klarrisa Cavnor,Female,21
907,Jone Gorusso,Male,46
908,Iver Congdon,Male,24
909,Alva Pughsley,Male,59
910,Emogene Ruffell,Female,20
911,Gorden Arnao,Male,26
912,Adriana Gunnell,Female,28
913,Garrik Oiller,Male,49
914,Osmund Gouldsmith,Male,48
915,Florence Melmar,Female,59
916,Egon Chatterton,Male,32
917,Tait Roddie,Male,68
918,Eal Shipman,Male,33
919,Yvon Papaccio,Male,27
920,Ira Bescoby,Female,43
921,Eddie Conkay,Male,34
922,Bart Passler,Male,55
923,Noni Bushell,Female,49
924,Rutter Bunn,Male,40
925,Barnard Rebanks,Male,67
926,Hayden Kobierski,Male,55
927,Jarad Bendix,Male,47
928,Tybie Vurley,Female,22
929,Upton Huby,Male,31
930,Diandra Piecha,Female,35
931,Bran Andrieux,Male,44
932,Doe Duthie,Female,25
933,Ettore Hassin,Male,51
934,Minni Bridgnell,Female,27
935,Rolph Baggaley,Male,60
936,Corly Goolding,Female,25
937,Emilio Godber,Male,60
938,Koressa Mullinder,Female,21
939,Andromache Maton,Female,24
940,Kyle Wison,Male,34
941,Ilario McCadden,Male,66
942,Zena Donkersley,Female,61
943,Kippar Pulsford,Male,49
944,Drake Toomer,Male,36
945,Lindsay Dowse,Male,64
946,Dulcie Bartlett,Female,53
947,Darsie Smallpeace,Female,33
948,Karlie Shackleford,Female,70
949,Issi Praundl,Female,59
950,Leopold Gerriets,Male,49
951,Gottfried Kelf,Male,43
952,Kellen Borell,Female,24
953,Conchita Papis,Female,37
954,Wilma Burchard,Female,20
955,Phillie Amber,Female,51
956,Arv Exell,Male,37
957,Hedi Kitcat,Female,33
958,Burlie Mongain,Male,20
959,Janie Titman,Female,48
960,Roxane Finan,Female,38
961,Theo De Santos,Female,50
962,Johnette Furnival,Female,60
963,Marleah McComiskie,Female,49
964,Dew McMorran,Male,36
965,Gael Siegertsz,Male,34
966,Pierre Gruszecki,Male,26
967,Ricki Swarbrigg,Male,45
968,Toddie Walkingshaw,Male,48
969,Sherlock Labroue,Male,40
970,El Schimon,Male,60
971,Lorilee Seston,Female,34
972,Paquito Marquess,Male,26
973,Dori Labon,Female,53
974,Dianna Covey,Female,32
975,Maurits Fordy,Male,67
976,Harli Lemerie,Female,40
977,Jennee Pullar,Female,66
978,Tomkin Welland,Male,36
979,Suellen Coweuppe,Female,55
980,Thea Radki,Female,36
981,Cale Becconsall,Male,21
982,Roby Denyukin,Female,61
983,Reube Quan,Male,68
984,Fanya Boughton,Female,21
985,Zerk Standall,Male,64
986,Bobby Peperell,Male,59
987,Elka Hollingsbee,Female,34
988,Arne Winborn,Male,67
989,Wilmette Dickenson,Female,21
990,Conroy Nunns,Male,49
991,Eal Fysh,Male,51
992,Duff Scheffel,Male,21
993,Kellia Eates,Female,25
994,Cecilia Walesby,Female,30
995,Irving Littrick,Male,64
996,Alexa Langmead,Female,24
997,Sigfrid Wyley,Male,35
998,Addia Wrates,Female,70
999,Roseann Eck,Female,63
1000,Cecilio Varnam,Male,20
